<?xml version="1.0" encoding="utf-8"?>
<!--/1013161/1253572/2.50/4/4/Diode/-->
<quadcept_library>
  <setting unit="mil" />
  <textstyle name="Default" height="47.244094488189" strokewidth="7.8740157480315" charwidth="47.244094488189" />
  <textstyle name="Dimension" height="19.6850393700787" strokewidth="0" charwidth="19.6850393700787" />
  <textstyle name="H127W0635TH00762" height="50" strokewidth="3" charwidth="25" />
  <textstyle name="H15W15TH02" height="59.0551181102362" strokewidth="7.8740157480315" charwidth="59.0551181102362" />
  <padstyle name="r140_90" surface="True" plated="False" isvia="False" nopaste="False" nomask="True" complex="False" holesize="0">
    <padshape layer="TOP" shape="rectangle" width="35.433070866141" height="55.11811023622" />
    <padshape layer="TOP_SOLDER_MASK" shape="rectangle" width="43.307086614173" height="62.992125984251" />
    <padshape layer="TOP_SOLDER_PASTE" shape="rectangle" width="35.433070866141" height="55.11811023622" />
  </padstyle>
  <padstyle name="r140_110" surface="True" plated="False" isvia="False" nopaste="False" nomask="True" complex="False" holesize="0">
    <padshape layer="TOP" shape="rectangle" width="43.307086614173" height="55.11811023622" />
    <padshape layer="TOP_SOLDER_MASK" shape="rectangle" width="51.181102362204" height="62.992125984251" />
    <padshape layer="TOP_SOLDER_PASTE" shape="rectangle" width="43.307086614173" height="55.11811023622" />
  </padstyle>
  <footprint name="SR0502CTG" originx="0" originy="0" pickpointx="0" pickpointy="0">
    <pcbpin number="1" name="1" style="r140_110" originx="-33.858267716535" originy="-43.307086614173" rotation="0" />
    <pcbpin number="2" name="2" style="r140_90" originx="37.795275590551" originy="-43.307086614173" rotation="0" />
    <pcbpin number="3" name="3" style="r140_90" originx="37.795275590551" originy="43.307086614173" rotation="0" />
    <pcbpin number="4" name="4" style="r140_90" originx="-37.795275590551" originy="43.307086614173" rotation="0" />
    <line layer="TOP_ASSEMBLY" originx="-57.480314960629" originy="25.590551181102" endx="57.480314960629" endy="25.590551181102" width="7.8740157480314" />
    <line layer="TOP_ASSEMBLY" originx="57.480314960629" originy="25.590551181102" endx="57.480314960629" endy="-25.590551181102" width="7.8740157480314" />
    <line layer="TOP_ASSEMBLY" originx="57.480314960629" originy="-25.590551181102" endx="-57.480314960629" endy="-25.590551181102" width="7.8740157480314" />
    <line layer="TOP_ASSEMBLY" originx="-57.480314960629" originy="-25.590551181102" endx="-57.480314960629" endy="25.590551181102" width="7.8740157480314" />
    <line layer="TOP_PLACE_BOUND" originx="-77.165354330708" originy="90.551181102361" endx="77.165354330708" endy="90.551181102361" width="3.9370078740157" />
    <line layer="TOP_PLACE_BOUND" originx="77.165354330708" originy="90.551181102361" endx="77.165354330708" endy="-100.3937007874" width="3.9370078740157" />
    <line layer="TOP_PLACE_BOUND" originx="77.165354330708" originy="-100.3937007874" endx="-77.165354330708" endy="-100.3937007874" width="3.9370078740157" />
    <line layer="TOP_PLACE_BOUND" originx="-77.165354330708" originy="-100.3937007874" endx="-77.165354330708" endy="90.551181102361" width="3.9370078740157" />
    <line layer="TOP_SILKSCREEN" originx="-11.811023622047" originy="25.590551181102" endx="11.811023622047" endy="25.590551181102" width="3.9370078740157" />
    <line layer="TOP_SILKSCREEN" originx="-57.480314960629" originy="7.8740157480314" endx="-57.480314960629" endy="-7.8740157480314" width="3.9370078740157" />
    <line layer="TOP_SILKSCREEN" originx="-3.9370078740157" originy="-25.590551181102" endx="11.811023622047" endy="-25.590551181102" width="3.9370078740157" />
    <line layer="TOP_SILKSCREEN" originx="57.480314960629" originy="7.8740157480314" endx="57.480314960629" endy="-7.8740157480314" width="3.9370078740157" />
    <line layer="TOP_SILKSCREEN" originx="-35.433070866141" originy="-78.740157480314" endx="-35.433070866141" endy="-78.740157480314" width="3.9370078740157" />
    <arc layer="TOP_SILKSCREEN" originx="-33.464566929133" originy="-78.740157480314" startangle="180.0" sweepangle="-180.0" radius="1.9685039370078" width="3.9370078740157" />
    <line layer="TOP_SILKSCREEN" originx="-31.496062992126" originy="-78.740157480314" endx="-31.496062992126" endy="-78.740157480314" width="3.9370078740157" />
    <arc layer="TOP_SILKSCREEN" originx="-33.464566929133" originy="-78.740157480314" startangle=".0" sweepangle="-180.0" radius="1.9685039370078" width="3.9370078740157" />
  </footprint>
  <symbol name="SR05-02CTG" originx="0" originy="0">
    <line originx="200" originy="100" endx="1000" endy="100" width="0" />
    <line originx="1000" originy="-200" endx="1000" endy="100" width="0" />
    <line originx="1000" originy="-200" endx="200" endy="-200" width="0" />
    <line originx="200" originy="100" endx="200" endy="-200" width="0" />
    <sympin number="1" originx="200" originy="0" rotation="180" length="100" width="7.8740157480315" flipped="False">
      <text name="pinname" originx="230" originy="0" style="Default" rotation="0" justify="left" flipped="False" hidden="False" data="GND" />
      <text name="pindes" originx="140" originy="20" style="Default" rotation="0" justify="lowerright" flipped="False" hidden="False" data="1" />
    </sympin>
    <sympin number="2" originx="200" originy="-100" rotation="180" length="100" width="7.8740157480315" flipped="False">
      <text name="pinname" originx="230" originy="-100" style="Default" rotation="0" justify="left" flipped="False" hidden="False" data="I/O_1" />
      <text name="pindes" originx="140" originy="-80" style="Default" rotation="0" justify="lowerright" flipped="False" hidden="False" data="2" />
    </sympin>
    <sympin number="3" originx="1000" originy="-100" rotation="0" length="100" width="7.8740157480315" flipped="False">
      <text name="pinname" originx="970" originy="-100" style="Default" rotation="0" justify="right" flipped="False" hidden="False" data="I/O2" />
      <text name="pindes" originx="1060" originy="-80" style="Default" rotation="0" justify="lowerleft" flipped="False" hidden="False" data="3" />
    </sympin>
    <sympin number="4" originx="1000" originy="0" rotation="0" length="100" width="7.8740157480315" flipped="False">
      <text name="pinname" originx="970" originy="0" style="Default" rotation="0" justify="right" flipped="False" hidden="False" data="VCC" />
      <text name="pindes" originx="1060" originy="20" style="Default" rotation="0" justify="lowerleft" flipped="False" hidden="False" data="4" />
    </sympin>
  </symbol>
  <component name="SR05-02CTG" designatorprefix="D" height="39.370078740157" footprint="SR0502CTG">
    <comppin designator="1" sympin="1" pinswap="0" gateswap="0" gate="1" group="1" side="" type="Any" name="GND" />
    <comppin designator="2" sympin="2" pinswap="0" gateswap="0" gate="1" group="1" side="" type="Any" name="I/O_1" />
    <comppin designator="3" sympin="3" pinswap="0" gateswap="0" gate="1" group="1" side="" type="Any" name="I/O2" />
    <comppin designator="4" sympin="4" pinswap="0" gateswap="0" gate="1" group="1" side="" type="Any" name="VCC" />
    <attached_symbol gate="1" name="SR05-02CTG" />
    <pinmap designator="1" footprintpin="1" />
    <pinmap designator="2" footprintpin="2" />
    <pinmap designator="3" footprintpin="3" />
    <pinmap designator="4" footprintpin="4" />
    <text name="Datasheet" originx="0" originy="0" style="Default" rotation="0" justify="" flipped="False" hidden="True" data="https://www.arrow.com/en/products/sr05-02ctg/littelfuse" />
    <text name="Description" originx="0" originy="0" style="Default" rotation="0" justify="" flipped="False" hidden="True" data="LITTELFUSE - SR05-02CTG - DIODE, ESD PROTECTION, 5V, SOT-143" />
    <text name="Manufacturer_Name" originx="0" originy="0" style="Default" rotation="0" justify="" flipped="False" hidden="True" data="LITTELFUSE" />
    <text name="Manufacturer_Part_Number" originx="1050" originy="200" style="Default" rotation="0" justify="left" flipped="False" hidden="False" data="SR05-02CTG" />
    <text name="Mouser Part Number" originx="0" originy="0" style="Default" rotation="0" justify="" flipped="False" hidden="True" data="576-SR05-02CTG" />
    <text name="Mouser Price/Stock" originx="0" originy="0" style="Default" rotation="0" justify="" flipped="False" hidden="True" data="https://www.mouser.co.uk/ProductDetail/Littelfuse/SR05-02CTG?qs=txCqAXsCGkfW1ErBg03wlg%3D%3D" />
    <text name="Arrow Part Number" originx="0" originy="0" style="Default" rotation="0" justify="" flipped="False" hidden="True" data="SR05-02CTG" />
    <text name="Arrow Price/Stock" originx="0" originy="0" style="Default" rotation="0" justify="" flipped="False" hidden="True" data="https://www.arrow.com/en/products/sr05-02ctg/littelfuse?region=nac" />
  </component>
</quadcept_library>
