<?xml version="1.0" encoding="utf-8"?>
<!--/166400/1253572/2.50/2/3/Capacitor Polarised/-->
<quadcept_library>
  <setting unit="mil" />
  <textstyle name="Default" height="47.244094488189" strokewidth="7.8740157480315" charwidth="47.244094488189" />
  <textstyle name="Dimension" height="19.6850393700787" strokewidth="0" charwidth="19.6850393700787" />
  <textstyle name="H127W0635TH00762" height="50" strokewidth="3" charwidth="25" />
  <textstyle name="H15W15TH02" height="59.0551181102362" strokewidth="7.8740157480315" charwidth="59.0551181102362" />
  <padstyle name="r230_180" surface="True" plated="False" isvia="False" nopaste="False" nomask="True" complex="False" holesize="0">
    <padshape layer="TOP" shape="rectangle" width="70.866141732283" height="90.551181102361" />
    <padshape layer="TOP_SOLDER_MASK" shape="rectangle" width="78.740157480314" height="98.425196850392" />
    <padshape layer="TOP_SOLDER_PASTE" shape="rectangle" width="70.866141732283" height="90.551181102361" />
  </padstyle>
  <footprint name="CAPPM3528X210N" originx="0" originy="0" pickpointx="0" pickpointy="0">
    <pcbpin number="1" name="1" style="r230_180" originx="-57.086614173228" originy="0" rotation="0" />
    <pcbpin number="2" name="2" style="r230_180" originx="57.086614173228" originy="0" rotation="0" />
    <line layer="TOP_PLACE_BOUND" originx="-102.36220472441" originy="68.897637795275" endx="102.36220472441" endy="68.897637795275" width="1.9685039370079" />
    <line layer="TOP_PLACE_BOUND" originx="102.36220472441" originy="68.897637795275" endx="102.36220472441" endy="-68.897637795275" width="1.9685039370079" />
    <line layer="TOP_PLACE_BOUND" originx="102.36220472441" originy="-68.897637795275" endx="-102.36220472441" endy="-68.897637795275" width="1.9685039370079" />
    <line layer="TOP_PLACE_BOUND" originx="-102.36220472441" originy="-68.897637795275" endx="-102.36220472441" endy="68.897637795275" width="1.9685039370079" />
    <line layer="TOP_ASSEMBLY" originx="-68.897637795275" originy="56.102362204724" endx="68.897637795275" endy="56.102362204724" width="3.9370078740157" />
    <line layer="TOP_ASSEMBLY" originx="68.897637795275" originy="56.102362204724" endx="68.897637795275" endy="-56.102362204724" width="3.9370078740157" />
    <line layer="TOP_ASSEMBLY" originx="68.897637795275" originy="-56.102362204724" endx="-68.897637795275" endy="-56.102362204724" width="3.9370078740157" />
    <line layer="TOP_ASSEMBLY" originx="-68.897637795275" originy="-56.102362204724" endx="-68.897637795275" endy="56.102362204724" width="3.9370078740157" />
    <line layer="TOP_ASSEMBLY" originx="-68.897637795275" originy="20.669291338582" endx="-33.464566929133" endy="56.102362204724" width="3.9370078740157" />
    <line layer="TOP_SILKSCREEN" originx="68.897637795275" originy="56.102362204724" endx="-92.519685039369" endy="56.102362204724" width="7.8740157480314" />
    <line layer="TOP_SILKSCREEN" originx="-68.897637795275" originy="-56.102362204724" endx="68.897637795275" endy="-56.102362204724" width="7.8740157480314" />
  </footprint>
  <symbol name="TPSB106K020R1000" originx="0" originy="0">
    <line originx="200" originy="100" endx="200" endy="-100" width="0" />
    <line originx="230" originy="-100" endx="200" endy="-100" width="0" />
    <line originx="230" originy="-100" endx="230" endy="100" width="0" />
    <line originx="200" originy="100" endx="230" endy="100" width="0" />
    <line originx="180" originy="50" endx="140" endy="50" width="0" />
    <line originx="160" originy="70" endx="160" endy="30" width="0" />
    <line originx="100" originy="0" endx="200" endy="0" width="0" />
    <line originx="300" originy="0" endx="400" endy="0" width="0" />
    <sympin number="2" originx="100" originy="0" rotation="180" length="100" width="7.8740157480315" flipped="False">
      <text name="pinname" originx="0" originy="-10" style="Default" rotation="0" justify="upperleft" flipped="False" hidden="True" data="2" />
      <text name="pindes" originx="0" originy="10" style="Default" rotation="0" justify="lowerleft" flipped="False" hidden="False" data="2" />
    </sympin>
    <sympin number="2" originx="400" originy="0" rotation="0" length="100" width="7.8740157480315" flipped="False">
      <text name="pinname" originx="500" originy="-10" style="Default" rotation="0" justify="upperright" flipped="False" hidden="True" data="" />
      <text name="pindes" originx="500" originy="10" style="Default" rotation="0" justify="lowerright" flipped="False" hidden="False" data="" />
    </sympin>
    <polygon type="polygon">
      <point x="300" y="100" />
      <point x="300" y="-100" />
      <point x="270" y="-100" />
      <point x="270" y="100" />
    </polygon>
  </symbol>
  <component name="TPSB106K020R1000" designatorprefix="C" height="82.67716535433" footprint="CAPPM3528X210N">
    <comppin designator="1" sympin="1" pinswap="0" gateswap="0" gate="1" group="1" side="" type="Any" name="1" />
    <comppin designator="2" sympin="2" pinswap="0" gateswap="0" gate="1" group="1" side="" type="Any" name="2" />
    <attached_symbol gate="1" name="TPSB106K020R1000" />
    <pinmap designator="1" footprintpin="1" />
    <pinmap designator="2" footprintpin="2" />
    <text name="Datasheet" originx="0" originy="0" style="Default" rotation="0" justify="" flipped="False" hidden="True" data="http://datasheets.avx.com/TPS.pdf" />
    <text name="Description" originx="0" originy="0" style="Default" rotation="0" justify="" flipped="False" hidden="True" data="TPS SMT tant capacitor,Case B,20V,10uF AVX 10uF SMD Solid MnO2 Tantalum Electrolytic Capacitor, 20 V dc  /-10%, TPS Series" />
    <text name="Manufacturer_Name" originx="0" originy="0" style="Default" rotation="0" justify="" flipped="False" hidden="True" data="Kyocera AVX" />
    <text name="Manufacturer_Part_Number" originx="350" originy="150" style="Default" rotation="0" justify="left" flipped="False" hidden="False" data="TPSB106K020R1000" />
    <text name="Mouser Part Number" originx="0" originy="0" style="Default" rotation="0" justify="" flipped="False" hidden="True" data="581-TPSB106K020R1000" />
    <text name="Mouser Price/Stock" originx="0" originy="0" style="Default" rotation="0" justify="" flipped="False" hidden="True" data="https://www.mouser.co.uk/ProductDetail/AVX/TPSB106K020R1000?qs=SRux0XfyV6nBXE%252BNULTPuA%3D%3D" />
    <text name="Arrow Part Number" originx="0" originy="0" style="Default" rotation="0" justify="" flipped="False" hidden="True" data="TPSB106K020R1000" />
    <text name="Arrow Price/Stock" originx="0" originy="0" style="Default" rotation="0" justify="" flipped="False" hidden="True" data="https://www.arrow.com/en/products/tpsb106k020r1000/avx" />
  </component>
</quadcept_library>
